Date,Open,High,Low,Close,Volume,Dividends,Stock Splits,Daily_Change_%,7_Day_MA,30_Day_MA,Volatility
2023-12-19 00:00:00-05:00,102.47000122070312,102.62999725341795,102.06999969482422,102.16999816894533,0,0.0,0.0,,,,
2023-12-20 00:00:00-05:00,102.19000244140624,102.54000091552734,102.16000366210938,102.41000366210938,0,0.0,0.0,0.23490799399563667,,,
2023-12-21 00:00:00-05:00,102.38999938964844,102.4499969482422,101.73999786376952,101.83999633789062,0,0.0,0.0,-0.5565934028275432,,,
2023-12-22 00:00:00-05:00,101.76000213623048,101.9000015258789,101.43000030517578,101.6999969482422,0,0.0,0.0,-0.1374699476460406,,,
2023-12-26 00:00:00-05:00,101.6500015258789,101.7699966430664,101.4499969482422,101.47000122070312,0,0.0,0.0,-0.22615116464175244,,,
2023-12-27 00:00:00-05:00,101.5500030517578,101.56999969482422,100.83000183105467,100.98999786376952,0,0.0,0.0,-0.4730495231685006,,,
2023-12-28 00:00:00-05:00,100.87000274658205,101.3000030517578,100.62000274658205,101.2300033569336,0,0.0,0.0,0.23765273615297122,101.68714250837054,,0.5035448613644641
2023-12-29 00:00:00-05:00,101.1999969482422,101.41999816894533,101.06999969482422,101.33000183105467,0,0.0,0.0,0.09878343455989036,101.56714303152901,,0.4681426630469591
2024-01-02 00:00:00-05:00,101.41999816894533,102.25,101.33999633789062,102.1999969482422,0,0.0,0.0,0.8585760401327747,101.53714207240513,,0.4079899819576092
2024-01-03 00:00:00-05:00,102.1500015258789,102.7300033569336,102.08000183105467,102.45999908447266,0,0.0,0.0,0.25440522895723294,101.62571389334542,,0.5328796828886918
2024-01-04 00:00:00-05:00,102.45999908447266,102.52999877929688,102.1500015258789,102.41999816894533,0,0.0,0.0,-0.03904051911454154,101.72857121058873,,0.6130628954765245
2024-01-05 00:00:00-05:00,102.4000015258789,103.0999984741211,101.91000366210938,102.41000366210938,0,0.0,0.0,-0.009758354827804627,101.86285727364677,,0.6488886912836677
2024-01-08 00:00:00-05:00,102.44000244140624,102.62000274658205,102.08000183105467,102.20999908447266,0,0.0,0.0,-0.1952978913042691,102.03714316231864,,0.5279416149121376
2024-01-09 00:00:00-05:00,102.22000122070312,102.66000366210938,102.11000061035156,102.56999969482422,0,0.0,0.0,0.3522166261385351,102.22857121058873,,0.4179877645102477
2024-01-10 00:00:00-05:00,102.4800033569336,102.63999938964844,102.33999633789062,102.36000061035156,0,0.0,0.0,-0.20473733557323515,102.37571389334542,,0.13327452954059904
2024-01-11 00:00:00-05:00,102.3000030517578,102.76000213623048,102.16000366210938,102.29000091552734,0,0.0,0.0,-0.06838578976828824,102.38857160295758,,0.11682296167017527
2024-01-12 00:00:00-05:00,102.3000030517578,102.58999633789062,102.08999633789062,102.4000015258789,0,0.0,0.0,0.10753798940954518,102.38000052315849,,0.11284217621696997
2024-01-16 00:00:00-05:00,102.73999786376952,103.43000030517578,102.73999786376952,103.36000061035156,0,0.0,0.0,0.9374990919605031,102.51428658621651,,0.3892238585760215
2024-01-17 00:00:00-05:00,103.36000061035156,103.69000244140624,103.26000213623048,103.4499969482422,0,0.0,0.0,0.08707075982894441,102.66285705566406,,0.5194769701516563
2024-01-18 00:00:00-05:00,103.37000274658205,103.62999725341795,103.1500015258789,103.54000091552734,0,0.0,0.0,0.08700238756911283,102.8528573172433,,0.5672651126429079
2024-01-19 00:00:00-05:00,103.37000274658205,103.5500030517578,103.23999786376952,103.29000091552734,0,0.0,0.0,-0.24145257657856023,102.95571463448661,,0.572678930570658
2024-01-22 00:00:00-05:00,103.23999786376952,103.37000274658205,103.11000061035156,103.33000183105467,0,0.0,0.0,0.03872680334280343,103.0942862374442,,0.5193855388914287
2024-01-23 00:00:00-05:00,103.3499984741211,103.81999969482422,102.9800033569336,103.62000274658205,0,0.0,0.0,0.2806550957015652,103.28428649902344,,0.40730216080634074
2024-01-24 00:00:00-05:00,103.51000213623048,103.5500030517578,102.7699966430664,103.23999786376952,0,0.0,0.0,-0.3667292730553995,103.40428597586495,,0.13818631720302404
2024-01-25 00:00:00-05:00,103.3499984741211,103.68000030517578,103.12000274658205,103.56999969482422,0,0.0,0.0,0.31964532921644473,103.43428584507534,,0.14931658065832992
2024-01-26 00:00:00-05:00,103.5199966430664,103.7300033569336,103.1500015258789,103.47000122070312,0,0.0,0.0,-0.09655158290600152,103.43714359828404,,0.14985783795354932
2024-01-29 00:00:00-05:00,103.47000122070312,103.81999969482422,103.4000015258789,103.61000061035156,0,0.0,0.0,0.1353043278213617,103.4471435546875,,0.15986669164786094
2024-01-30 00:00:00-05:00,103.44000244140624,103.61000061035156,103.30999755859376,103.4000015258789,0,0.0,0.0,-0.20268225387084504,103.46285792759487,,0.1467106709465131
2024-01-31 00:00:00-05:00,103.41999816894533,103.73999786376952,102.94000244140624,103.2699966430664,0,0.0,0.0,-0.1257300588916932,103.45428575788226,,0.15714880625512168
2024-02-01 00:00:00-05:00,103.51000213623048,103.80999755859376,103.0199966430664,103.0500030517578,0,0.0,0.0,-0.2130275960683714,103.37285723005023,102.62200012207032,0.19905720867707047
2024-02-02 00:00:00-05:00,102.98999786376952,104.04000091552734,102.9000015258789,103.91999816894533,0,0.0,0.0,0.8442456006047427,103.47000013078961,102.68033345540364,0.27489301786205333
2024-02-05 00:00:00-05:00,103.98999786376952,104.5999984741211,103.98999786376952,104.4499969482422,0,0.0,0.0,0.5100065325590597,103.59571402413505,102.74833323160807,0.464249034492873
2024-02-06 00:00:00-05:00,104.44000244140624,104.58999633789062,104.13999938964844,104.18000030517578,0,0.0,0.0,-0.2584936821015016,103.69714246477399,102.8263333638509,0.5077295286268532
2024-02-07 00:00:00-05:00,104.1500015258789,104.16999816894533,103.94000244140624,104.04000091552734,0,0.0,0.0,-0.13438221274556517,103.75857107979911,102.90433349609376,0.5212612167764067
2024-02-08 00:00:00-05:00,104.02999877929688,104.43000030517578,103.95999908447266,104.1500015258789,0,0.0,0.0,0.10572915165665275,103.86571393694196,102.99366683959961,0.51227727891475
2024-02-09 00:00:00-05:00,104.13999938964844,104.26000213623048,103.9499969482422,104.08000183105467,0,0.0,0.0,-0.0672104597202905,103.98142896379743,103.09666697184245,0.44194239787055095
2024-02-12 00:00:00-05:00,104.08000183105467,104.27999877929688,103.9000015258789,104.16999816894533,0,0.0,0.0,0.08646842458432946,104.14142826625279,103.19466679890951,0.16364808595537353
2024-02-13 00:00:00-05:00,104.18000030517578,104.95999908447266,103.97000122070312,104.95999908447266,0,0.0,0.0,0.7583766241850975,104.28999982561383,103.31566670735677,0.3233152524785915
2024-02-14 00:00:00-05:00,104.83999633789062,104.9800033569336,104.66000366210938,104.72000122070312,0,0.0,0.0,-0.228656503299296,104.32857186453683,103.39966684977213,0.3596489075321447
2024-02-15 00:00:00-05:00,104.66000366210938,104.70999908447266,104.18000030517578,104.3000030517578,0,0.0,0.0,-0.40106776551707135,104.34571511404855,103.4610003153483,0.3542055551795371
2024-02-16 00:00:00-05:00,104.3000030517578,104.66999816894533,104.16999816894533,104.3000030517578,0,0.0,0.0,0.0,104.38285827636719,103.52366714477539,0.3295806860827009
2024-02-20 00:00:00-05:00,104.31999969482422,104.41000366210938,103.8000030517578,104.08000183105467,0,0.0,0.0,-0.21093117379291648,104.37285831996373,103.5793337504069,0.33875761692674883
2024-02-21 00:00:00-05:00,104.04000091552734,104.20999908447266,103.94000244140624,104.01000213623048,0,0.0,0.0,-0.0672556625602394,104.36285836356026,103.63933385213217,0.34969987876181263
2024-02-22 00:00:00-05:00,103.91000366210938,104.12999725341795,103.43000030517578,103.95999908447266,0,0.0,0.0,-0.048075233853306365,104.33285849434989,103.68566716512045,0.3769484116444769
2024-02-23 00:00:00-05:00,103.9499969482422,104.0500030517578,103.7699966430664,103.94000244140624,0,0.0,0.0,-0.019234939633050452,104.18714468819755,103.73833389282227,0.2783713334375831
2024-02-26 00:00:00-05:00,103.95999908447266,104.0199966430664,103.70999908447266,103.83000183105467,0,0.0,0.0,-0.10583087143333225,104.06000191824776,103.78966725667318,0.18046308218937496
2024-02-27 00:00:00-05:00,103.77999877929688,103.91999816894533,103.61000061035156,103.83000183105467,0,0.0,0.0,0.0,103.99285888671875,103.83733393351237,0.1628617682996565
2024-02-28 00:00:00-05:00,103.83999633789062,104.23999786376952,103.80999755859376,103.9800033569336,0,0.0,0.0,0.14446838412176533,103.94714464460101,103.85800069173177,0.09159959647280895
2024-02-29 00:00:00-05:00,103.91999816894533,104.1999969482422,103.66000366210938,104.16000366210938,0,0.0,0.0,0.17311050140851325,103.95857347760882,103.88166758219401,0.11334792912288805
2024-03-01 00:00:00-05:00,104.12999725341795,104.29000091552734,103.83999633789062,103.86000061035156,0,0.0,0.0,-0.28802135292833597,103.93714468819755,103.89233423868815,0.11614923614396346
2024-03-04 00:00:00-05:00,103.88999938964844,103.95999908447266,103.7300033569336,103.83000183105467,0,0.0,0.0,-0.028883862045636644,103.91857365199498,103.91033426920573,0.12212490535591225
2024-03-05 00:00:00-05:00,103.8499984741211,103.9499969482422,103.58000183105467,103.8000030517578,0,0.0,0.0,-0.02889220723090169,103.89857373918805,103.9260009765625,0.12928442397039078
2024-03-06 00:00:00-05:00,103.80999755859376,103.88999938964844,103.1999969482422,103.37000274658205,0,0.0,0.0,-0.4142584706489316,103.83285958426339,103.91766764322917,0.23970242323395602
2024-03-07 00:00:00-05:00,103.30999755859376,103.3499984741211,102.8000030517578,102.81999969482422,0,0.0,0.0,-0.5320722038734904,103.6885735648019,103.90366770426432,0.45182801138310796
2024-03-08 00:00:00-05:00,102.7300033569336,102.9000015258789,102.36000061035156,102.73999786376952,0,0.0,0.0,-0.07780765540960077,103.51142992292132,103.8760009765625,0.5507716948456176
2024-03-11 00:00:00-04:00,102.73999786376952,102.93000030517578,102.63999938964844,102.87000274658205,0,0.0,0.0,0.1265377511345811,103.32714407784599,103.85600102742514,0.5120463484189387
2024-03-12 00:00:00-04:00,102.81999969482422,103.18000030517578,102.72000122070312,102.95999908447266,0,0.0,0.0,0.08748550159205504,103.19857243129185,103.83433430989584,0.4669570753678909
2024-03-13 00:00:00-04:00,102.93000030517578,103.0199966430664,102.66999816894533,102.79000091552734,0,0.0,0.0,-0.165110888167197,103.0500008719308,103.81400095621744,0.3920047831913357
2024-03-14 00:00:00-04:00,102.76000213623048,103.4000015258789,102.73999786376952,103.36000061035156,0,0.0,0.0,0.5545283488154196,102.98714338030133,103.81700108846029,0.2670660400747979
2024-03-15 00:00:00-04:00,103.38999938964844,103.48999786376952,103.3000030517578,103.43000030517578,0,0.0,0.0,0.06772416254920977,102.99571446010044,103.82966766357421,0.28194926738254583
2024-03-18 00:00:00-04:00,103.4499969482422,103.6500015258789,103.33999633789062,103.58000183105467,0,0.0,0.0,0.14502709604207187,103.10428619384766,103.81833445231119,0.3427763215771286
2024-03-19 00:00:00-04:00,103.58999633789062,104.05999755859376,103.58000183105467,103.80999755859376,0,0.0,0.0,0.22204646019821084,103.25714329310826,103.79700113932292,0.3887456608854857
2024-03-20 00:00:00-04:00,103.83999633789062,104.1500015258789,103.37999725341795,103.41000366210938,0,0.0,0.0,-0.385313462952952,103.33428628104073,103.77133458455404,0.3508490507992056
2024-03-21 00:00:00-04:00,103.23999786376952,104.0500030517578,103.16999816894533,104.0,0,0.0,0.0,0.5705408732199935,103.48285784040179,103.77000122070312,0.3845212675130677
2024-03-22 00:00:00-04:00,103.98999786376952,104.5,103.91999816894533,104.43000030517578,0,0.0,0.0,0.41346183189978625,103.71714346749442,103.77933451334636,0.3915651235353342
2024-03-25 00:00:00-04:00,104.43000030517578,104.4800033569336,104.13999938964844,104.2300033569336,0,0.0,0.0,-0.19151292507683104,103.84142957414899,103.78433456420899,0.3973421001797124
2024-03-26 00:00:00-04:00,104.22000122070312,104.33999633789062,104.01000213623048,104.29000091552734,0,0.0,0.0,0.05756265629992541,103.96428680419922,103.78833465576172,0.38156899322843235
2024-03-27 00:00:00-04:00,104.3000030517578,104.45999908447266,104.22000122070312,104.3499984741211,0,0.0,0.0,0.057529540768097576,104.07428632463727,103.76800130208333,0.3628518223308995
2024-03-28 00:00:00-04:00,104.44000244140624,104.7300033569336,104.30999755859376,104.5500030517578,0,0.0,0.0,0.19166706330744354,104.18000139508929,103.76233469645182,0.38039382872093863
2024-04-01 00:00:00-04:00,104.48999786376952,105.08000183105467,104.41999816894533,105.0199966430664,0,0.0,0.0,0.44953952901936045,104.41000039236886,103.78633448282878,0.31900771311376463
2024-04-02 00:00:00-04:00,105.0,105.0999984741211,104.68000030517578,104.81999969482422,0,0.0,0.0,-0.19043701641119348,104.52714320591518,103.80366770426433,0.2928416981547194
2024-04-03 00:00:00-04:00,104.7699966430664,104.83999633789062,104.2300033569336,104.25,0,0.0,0.0,-0.5437890636173726,104.50142887660435,103.80933430989583,0.31018289963782736
2024-04-04 00:00:00-04:00,104.2300033569336,104.26000213623048,103.91999816894533,104.12000274658205,0,0.0,0.0,-0.12469760519707718,104.48571450369698,103.81300099690755,0.32847274790321496
2024-04-05 00:00:00-04:00,104.20999908447266,104.69000244140624,104.13999938964844,104.3000030517578,0,0.0,0.0,0.17287773763687841,104.48714338030133,103.82433446248372,0.32749980143994123
2024-04-08 00:00:00-04:00,104.29000091552734,104.44000244140624,104.0999984741211,104.13999938964844,0,0.0,0.0,-0.15340714997866822,104.45714351109096,103.83100102742513,0.3509361289337326
2024-04-09 00:00:00-04:00,104.12000274658205,104.1999969482422,103.87999725341795,104.1500015258789,0,0.0,0.0,0.009604509591976118,104.4000004359654,103.84166768391927,0.3655573341008391
2024-04-10 00:00:00-04:00,104.0999984741211,105.3000030517578,104.0199966430664,105.25,0,0.0,0.0,1.0561675064860943,104.43285805838448,103.88900095621744,0.4344229094771591
2024-04-11 00:00:00-04:00,105.18000030517578,105.52999877929688,105.02999877929688,105.27999877929688,0,0.0,0.0,0.028502403132413257,104.49857221330915,103.9323341369629,0.5275540871057779
2024-04-12 00:00:00-04:00,105.27999877929688,106.11000061035156,105.23999786376952,106.04000091552734,0,0.0,0.0,0.7218865359446713,104.75428662981305,103.99500071207682,0.7666338922055187
2024-04-15 00:00:00-04:00,106.01000213623048,106.25,105.83999633789062,106.20999908447266,0,0.0,0.0,0.16031513341907555,105.05285753522601,104.07333399454753,0.8774143600450622
2024-04-16 00:00:00-04:00,106.16999816894533,106.5199966430664,106.06999969482422,106.26000213623048,0,0.0,0.0,0.04707942019475109,105.33285740443638,104.15433400472006,0.9092803456975275
2024-04-17 00:00:00-04:00,106.33000183105467,106.44000244140624,105.87000274658205,105.9499969482422,0,0.0,0.0,-0.291742124746841,105.5914284842355,104.2260004679362,0.7583625377918372
2024-04-18 00:00:00-04:00,105.93000030517578,106.18000030517578,105.73999786376952,106.1500015258789,0,0.0,0.0,0.18877261292835623,105.87714276994977,104.31866709391277,0.43080274440115773
2024-04-19 00:00:00-04:00,106.19000244140624,106.3499984741211,105.8499984741211,106.1500015258789,0,0.0,0.0,0.0,106.0057144165039,104.42966715494792,0.3363963922232179
2024-04-22 00:00:00-04:00,106.12000274658205,106.4000015258789,105.9800033569336,106.08000183105467,0,0.0,0.0,-0.06594412983326192,106.12000056675502,104.54100062052409,0.10519930378730169
2024-04-23 00:00:00-04:00,106.12000274658205,106.23999786376952,105.61000061035156,105.69000244140624,0,0.0,0.0,-0.3676464771084409,106.07000078473773,104.63500061035157,0.19467920506074488
2024-04-24 00:00:00-04:00,105.69000244140624,105.9499969482422,105.58999633789062,105.86000061035156,0,0.0,0.0,0.16084602613153365,106.02000100272042,104.73166732788086,0.19765317233293278
2024-04-25 00:00:00-04:00,105.81999969482422,106.0,105.51000213623048,105.5999984741211,0,0.0,0.0,-0.24560942256884877,105.92571476527623,104.82533391316731,0.22021692984559124
2024-04-26 00:00:00-04:00,105.58000183105467,106.19000244140624,105.41000366210938,105.94000244140624,0,0.0,0.0,0.32197345852089665,105.92428697858536,104.91133397420248,0.22006560400611974
2024-04-29 00:00:00-04:00,106.08000183105467,106.08000183105467,105.45999908447266,105.58000183105467,0,0.0,0.0,-0.3398155579151241,105.84285845075333,104.98300069173177,0.22794158255116015
2024-04-30 00:00:00-04:00,105.66999816894533,106.3499984741211,105.66999816894533,106.22000122070312,0,0.0,0.0,0.6061748234031716,105.85285840715679,105.07100067138671,0.24458945083781672
2024-05-01 00:00:00-04:00,106.31999969482422,106.48999786376952,105.44000244140624,105.76000213623048,0,0.0,0.0,-0.433062586317301,105.80714416503905,105.13600082397461,0.22410697046662992
2024-05-02 00:00:00-04:00,105.7300033569336,105.9000015258789,105.3000030517578,105.3000030517578,0,0.0,0.0,-0.4349461754739381,105.75142996651786,105.19900080362956,0.2952640138409659
2024-05-03 00:00:00-04:00,105.30999755859376,105.37000274658205,104.5199966430664,105.02999877929688,0,0.0,0.0,-0.2564143063967572,105.63285827636719,105.23333409627278,0.39440792767412847
2024-05-06 00:00:00-04:00,105.08000183105467,105.1999969482422,104.87000274658205,105.0500030517578,0,0.0,0.0,0.019046246494736074,105.55428750174386,105.25400085449219,0.45254328712836217
2024-05-07 00:00:00-04:00,105.13999938964844,105.4499969482422,105.02999877929688,105.41000366210938,0,0.0,0.0,0.34269452631447983,105.47857339041573,105.29333419799805,0.4204533238999583
2024-05-08 00:00:00-04:00,105.41999816894533,105.63999938964844,105.38999938964844,105.5500030517578,0,0.0,0.0,0.1328141398203364,105.47428785051618,105.33533426920573,0.41939875465848353
2024-05-09 00:00:00-04:00,105.5199966430664,105.73999786376952,105.20999908447266,105.2300033569336,0,0.0,0.0,-0.3031735533605695,105.33285958426339,105.36466776529947,0.2642425320032671
2024-05-10 00:00:00-04:00,105.20999908447266,105.4000015258789,105.13999938964844,105.30999755859376,0,0.0,0.0,0.07601843495987914,105.26857321602958,105.39000091552734,0.18622900188070396
2024-05-13 00:00:00-04:00,105.30999755859376,105.37000274658205,105.05999755859376,105.22000122070312,0,0.0,0.0,-0.08545849394836491,105.25714438302177,105.3966677347819,0.18643342128739898
2024-05-14 00:00:00-04:00,105.1999969482422,105.45999908447266,104.95999908447266,105.01000213623048,0,0.0,0.0,-0.1995809561265438,105.25428771972656,105.40300114949544,0.19060061412054574
2024-05-15 00:00:00-04:00,105.0500030517578,105.05999755859376,104.29000091552734,104.3499984741211,0,0.0,0.0,-0.6285150449317767,105.15428706577846,105.40633443196614,0.3924235516290787
2024-05-16 00:00:00-04:00,104.20999908447266,104.62999725341795,104.08000183105467,104.45999908447266,0,0.0,0.0,0.10541505698138387,105.01857212611607,105.41766764322917,0.4493870775201838
2024-05-17 00:00:00-04:00,104.5,104.8000030517578,104.38999938964844,104.4499969482422,0,0.0,0.0,-0.009575087419222417,104.86142839704242,105.42266743977865,0.4242036295044506
2024-05-20 00:00:00-04:00,104.5,104.6500015258789,104.38999938964844,104.56999969482422,0,0.0,0.0,0.11489013890684241,104.76714215959821,105.4370007832845,0.4013614831891225
2024-05-21 00:00:00-04:00,104.5999984741211,104.7699966430664,104.4800033569336,104.66000366210938,0,0.0,0.0,0.08607054370071143,104.67428588867188,105.4540008544922,0.3222258279529516
2024-05-22 00:00:00-04:00,104.62000274658205,104.97000122070312,104.55999755859376,104.94000244140624,0,0.0,0.0,0.26753178817080503,104.63428606305804,105.44366760253907,0.25317222913756304
2024-05-23 00:00:00-04:00,104.9000015258789,105.11000061035156,104.62999725341795,105.11000061035156,0,0.0,0.0,0.1619955831811959,104.64857155936105,105.43800099690755,0.279371407709368
2024-05-24 00:00:00-04:00,105.04000091552734,105.12000274658205,104.63999938964844,104.72000122070312,0,0.0,0.0,-0.3710392801672513,104.70142909458706,105.39400100708008,0.24653910330534312
2024-05-28 00:00:00-04:00,104.58000183105467,104.63999938964844,104.33999633789062,104.61000061035156,0,0.0,0.0,-0.10504259842371022,104.72285788399833,105.34066772460938,0.22786894756560555
2024-05-29 00:00:00-04:00,104.63999938964844,105.13999938964844,104.58999633789062,105.0999984741211,0,0.0,0.0,0.46840441727427073,104.81571524483817,105.3020009358724,0.23056815760542254
2024-05-30 00:00:00-04:00,105.12999725341795,105.18000030517578,104.62999725341795,104.72000122070312,0,0.0,0.0,-0.3615578105945816,104.83714403424945,105.26100107828776,0.209976484237871
2024-05-31 00:00:00-04:00,104.76000213623048,104.9000015258789,104.36000061035156,104.66999816894533,0,0.0,0.0,-0.04774928492639052,104.83857182094029,105.21166763305663,0.20860069607581186
2024-06-03 00:00:00-04:00,104.62999725341795,104.7699966430664,104.05999755859376,104.13999938964844,0,0.0,0.0,-0.5063521434684914,104.72428567068917,105.14466756184896,0.32847412491659017
2024-06-04 00:00:00-04:00,104.0500030517578,104.33000183105467,103.98999786376952,104.11000061035156,0,0.0,0.0,-0.028806202681674886,104.58142852783203,105.0790008544922,0.34954362680894224
2024-06-05 00:00:00-04:00,104.16999816894533,104.45999908447266,104.12999725341795,104.2699966430664,0,0.0,0.0,0.1536797923127997,104.51714215959821,105.03166732788085,0.3610038665330322
2024-06-06 00:00:00-04:00,104.25,104.37000274658205,104.0500030517578,104.0999984741211,0,0.0,0.0,-0.16303651521850648,104.44428471156529,104.9730005900065,0.3894807351313772
2024-06-07 00:00:00-04:00,104.08999633789062,104.9499969482422,104.0,104.88999938964844,0,0.0,0.0,0.758886577432305,104.41428484235492,104.94933395385742,0.3348065483768409
2024-06-10 00:00:00-04:00,105.04000091552734,105.38999938964844,105.04000091552734,105.1500015258789,0,0.0,0.0,0.2478807681794315,104.47571345738002,104.92300059000651,0.42700014836725225
2024-06-11 00:00:00-04:00,105.1500015258789,105.45999908447266,105.0999984741211,105.2300033569336,0,0.0,0.0,0.07608352819186148,104.5557141985212,104.91133397420248,0.513221952241013
2024-06-12 00:00:00-04:00,105.27999877929688,105.31999969482422,104.26000213623048,104.6500015258789,0,0.0,0.0,-0.5511753421572729,104.62857164655414,104.85900065104167,0.47946054360073603
2024-06-13 00:00:00-04:00,104.69000244140624,105.27999877929688,104.63999938964844,105.1999969482422,0,0.0,0.0,0.5255570132287835,104.78428540910993,104.84033381144205,0.4595610228060997
2024-06-14 00:00:00-04:00,105.2300033569336,105.80999755859376,105.18000030517578,105.5500030517578,0,0.0,0.0,0.33270543124426233,104.96714346749442,104.84866714477539,0.4752103199051453
2024-06-17 00:00:00-04:00,105.51000213623048,105.6500015258789,105.30999755859376,105.31999969482422,0,0.0,0.0,-0.21790937970962432,105.1414293561663,104.85833384195963,0.2929411686010316
2024-06-18 00:00:00-04:00,105.3000030517578,105.55999755859376,105.12999725341795,105.26000213623048,0,0.0,0.0,-0.05696691869311321,105.1942868913923,104.86533381144206,0.2726940325914167
2024-06-20 00:00:00-04:00,105.1999969482422,105.66999816894533,105.1999969482422,105.58999633789062,0,0.0,0.0,0.3135038903315346,105.25714329310826,104.87133356730143,0.30906862621387704
2024-06-21 00:00:00-04:00,105.63999938964844,105.91999816894533,105.54000091552734,105.8000030517578,0,0.0,0.0,0.1988888352596918,105.33857182094029,104.87966690063476,0.36983924428270076
2024-06-24 00:00:00-04:00,105.83000183105467,105.9000015258789,105.37000274658205,105.47000122070312,0,0.0,0.0,-0.3119109844384793,105.45571463448661,104.88766682942709,0.21125575502686217
2024-06-25 00:00:00-04:00,105.51000213623048,105.77999877929688,105.37000274658205,105.61000061035156,0,0.0,0.0,0.13273858730264987,105.51428658621651,104.89766693115234,0.18356283064936438
2024-06-26 00:00:00-04:00,105.66000366210938,106.12999725341795,105.61000061035156,106.0500030517578,0,0.0,0.0,0.41662952264305275,105.58571515764508,104.92533365885417,0.274522026014611
2024-06-27 00:00:00-04:00,106.06999969482422,106.08000183105467,105.70999908447266,105.91000366210938,0,0.0,0.0,-0.1320126219893636,105.67000143868583,104.9553337097168,0.2698774855827442
2024-06-28 00:00:00-04:00,105.91999816894533,106.12999725341795,105.75,105.87000274658205,0,0.0,0.0,-0.037768779288260834,105.75714438302177,105.00600051879883,0.2064570129834645
2024-07-01 00:00:00-04:00,105.8499984741211,105.9800033569336,105.43000030517578,105.9000015258789,0,0.0,0.0,0.028335485518660164,105.80143083844867,105.05400060017904,0.19768984655873728
2024-07-02 00:00:00-04:00,105.8499984741211,106.0500030517578,105.68000030517578,105.72000122070312,0,0.0,0.0,-0.16997195711256907,105.79000200544085,105.09633407592773,0.2000841777429418
2024-07-03 00:00:00-04:00,105.66999816894533,105.8000030517578,105.0500030517578,105.4000015258789,0,0.0,0.0,-0.30268604911967145,105.78000204903739,105.12400080362956,0.21954572303877345
2024-07-05 00:00:00-04:00,105.16999816894533,105.16999816894533,104.83000183105467,104.87999725341795,0,0.0,0.0,-0.4933626802019253,105.67571585518974,105.13133392333984,0.40705872189400083
2024-07-08 00:00:00-04:00,104.87999725341795,105.02999877929688,104.8000030517578,105.01000213623048,0,0.0,0.0,0.12395584116806635,105.52714429582868,105.13366724650065,0.4364153432146375
2024-07-09 00:00:00-04:00,104.98999786376952,105.20999908447266,104.95999908447266,105.12999725341795,0,0.0,0.0,0.11427017878906653,105.41571480887276,105.13433380126953,0.42169872258182794
2024-07-10 00:00:00-04:00,105.12000274658205,105.16999816894533,104.9800033569336,105.0500030517578,0,0.0,0.0,-0.07609074835922547,105.29857199532645,105.14533386230468,0.38693008915221516
2024-07-11 00:00:00-04:00,104.98999786376952,105.0,104.08000183105467,104.44000244140624,0,0.0,0.0,-0.580676432775562,105.09000069754464,105.13966725667318,0.40191202566349565
2024-07-12 00:00:00-04:00,104.5199966430664,104.5500030517578,104.04000091552734,104.08999633789062,0,0.0,0.0,-0.33512647963789277,104.85714285714286,105.10600051879882,0.44586027361507863
2024-07-15 00:00:00-04:00,104.08000183105467,104.31999969482422,104.02999877929688,104.19000244140624,0,0.0,0.0,0.09607657511196965,104.68428584507534,105.08833389282226,0.4347359879416661
2024-07-16 00:00:00-04:00,104.25,104.51000213623048,104.1999969482422,104.2699966430664,0,0.0,0.0,0.07677723369394762,104.5971429007394,105.0750005086263,0.4498421229688456
2024-07-17 00:00:00-04:00,104.22000122070312,104.29000091552734,103.6500015258789,103.75,0,0.0,0.0,-0.49870208095089685,104.41714259556362,105.06200052897135,0.5057247588827317
2024-07-18 00:00:00-04:00,103.6999969482422,104.2300033569336,103.6500015258789,104.16999816894533,0,0.0,0.0,0.4048175122364661,104.27999986921039,105.06400044759114,0.39912548217418725
2024-07-19 00:00:00-04:00,104.16000366210938,104.41999816894533,104.12999725341795,104.4000015258789,0,0.0,0.0,0.2207961610602549,104.18714250837054,105.06833394368489,0.22983507614509385
2024-07-22 00:00:00-04:00,104.37000274658205,104.41999816894533,104.18000030517578,104.30999755859376,0,0.0,0.0,-0.08621069537324555,104.16857038225446,105.07533391316731,0.21043040176067848
2024-07-23 00:00:00-04:00,104.30999755859376,104.54000091552734,104.1999969482422,104.4499969482422,0,0.0,0.0,0.13421473772903258,104.21999904087612,105.06066716512045,0.2310116905460135
2024-07-24 00:00:00-04:00,104.4800033569336,104.55999755859376,104.12000274658205,104.38999938964844,0,0.0,0.0,-0.05744141727787033,104.24857003348214,105.03533376057943,0.23891582139847994
2024-07-25 00:00:00-04:00,104.37999725341795,104.45999908447266,104.08000183105467,104.36000061035156,0,0.0,0.0,-0.02873721570291199,104.2614277430943,105.00633366902669,0.2426537475756153
2024-07-26 00:00:00-04:00,104.36000061035156,104.4499969482422,104.20999908447266,104.31999969482422,0,0.0,0.0,-0.0383297386866599,104.34285627092633,104.99533360799154,0.09013244734243292
2024-07-29 00:00:00-04:00,104.33000183105467,104.75,104.13999938964844,104.55999755859376,0,0.0,0.0,0.23005930259933915,104.39857046944755,104.97400029500325,0.08591183499669204
2024-07-30 00:00:00-04:00,104.55999755859376,104.8000030517578,104.45999908447266,104.5500030517578,0,0.0,0.0,-0.009558633386885784,104.41999925885882,104.94066696166992,0.1032799499001077
2024-07-31 00:00:00-04:00,104.43000030517578,104.52999877929688,103.93000030517578,104.0999984741211,0,0.0,0.0,-0.43042043472149016,104.38999938964844,104.90000025431316,0.15705660943922795
2024-08-01 00:00:00-04:00,104.06999969482422,104.4499969482422,103.86000061035156,104.41999816894533,0,0.0,0.0,0.3073964452591005,104.38571384974888,104.87200012207032,0.1555486687866277
2024-08-02 00:00:00-04:00,104.30999755859376,104.43000030517578,103.12999725341795,103.20999908447266,0,0.0,0.0,-1.158780986104757,104.21714237758091,104.79266688028972,0.4705572556380809
2024-08-05 00:00:00-04:00,103.22000122070312,103.27999877929688,102.16000366210938,102.69000244140624,0,0.0,0.0,-0.5038239004738543,103.97857121058873,104.68900019327799,0.7350600069553177
2024-08-06 00:00:00-04:00,102.77999877929688,103.2300033569336,102.6999969482422,102.97000122070312,0,0.0,0.0,0.27266410813131525,103.78571428571429,104.60566685994466,0.8043799623827406
2024-08-07 00:00:00-04:00,102.9499969482422,103.37000274658205,102.91999816894533,103.1999969482422,0,0.0,0.0,0.22336187706371025,103.5914284842355,104.52533340454102,0.7484967320634198
2024-08-08 00:00:00-04:00,103.08999633789062,103.5500030517578,102.91999816894533,103.20999908447266,0,0.0,0.0,0.009691992757976386,103.3999993460519,104.43066660563152,0.6233767625254834
2024-08-09 00:00:00-04:00,103.2699966430664,103.3000030517578,103.02999877929688,103.13999938964844,0,0.0,0.0,-0.06782259029662896,103.26285661969867,104.33833312988281,0.544294012863061
2024-08-12 00:00:00-04:00,103.1500015258789,103.30999755859376,103.08999633789062,103.13999938964844,0,0.0,0.0,0.0,103.07999965122768,104.24733301798503,0.1913097280089875
2024-08-13 00:00:00-04:00,103.08999633789062,103.2699966430664,102.5500030517578,102.55999755859376,0,0.0,0.0,-0.5623442257969291,102.98714229038784,104.13599955240885,0.26227891313442386
2024-08-14 00:00:00-04:00,102.61000061035156,102.72000122070312,102.2699966430664,102.56999969482422,0,0.0,0.0,0.009752473155755226,102.96999904087612,104.03099950154622,0.28763402319725595
2024-08-15 00:00:00-04:00,102.62999725341795,103.2300033569336,102.54000091552734,102.9800033569336,0,0.0,0.0,0.39973058723725696,102.97142791748047,103.95033289591471,0.28765887851191935
2024-08-16 00:00:00-04:00,103.04000091552734,103.0500030517578,102.38999938964844,102.45999908447266,0,0.0,0.0,-0.5049565503106201,102.86571393694196,103.8696662902832,0.3234123559687824
2024-08-19 00:00:00-04:00,102.4000015258789,102.4800033569336,101.8499984741211,101.88999938964844,0,0.0,0.0,-0.5563143665014869,102.67714255196708,103.76566619873047,0.4494711255705841
2024-08-20 00:00:00-04:00,101.87999725341795,102.01000213623048,101.36000061035156,101.44000244140624,0,0.0,0.0,-0.44164977027953967,102.43428584507534,103.64266637166341,0.5937970046971686
2024-08-21 00:00:00-04:00,101.3499984741211,101.62999725341795,100.91999816894533,101.04000091552734,0,0.0,0.0,-0.39432326128929773,102.13428606305804,103.50899963378906,0.698995597270533
2024-08-22 00:00:00-04:00,101.12999725341795,101.62999725341795,101.08999633789062,101.51000213623048,0,0.0,0.0,0.4651635158792855,101.98428671700614,103.41133295694986,0.7050497130431603
2024-08-23 00:00:00-04:00,101.45999908447266,101.5500030517578,100.5999984741211,100.72000122070312,0,0.0,0.0,-0.7782493339593688,101.72000122070312,103.29899978637695,0.7904640984951086
2024-08-26 00:00:00-04:00,100.68000030517578,100.91999816894533,100.52999877929688,100.8499984741211,0,0.0,0.0,0.12906796251235253,101.41571480887276,103.18766632080079,0.6151109383464695
2024-08-27 00:00:00-04:00,100.81999969482422,100.93000030517578,100.51000213623048,100.5500030517578,0,0.0,0.0,-0.2974669577613054,101.14285823277065,103.06366653442383,0.4844139103300517
2024-08-28 00:00:00-04:00,100.56999969482422,101.18000030517578,100.56999969482422,101.08999633789062,0,0.0,0.0,0.5370395522065419,101.02857208251953,102.97499974568684,0.3561568525669939
2024-08-29 00:00:00-04:00,101.0,101.58000183105467,100.88999938964844,101.33999633789062,0,0.0,0.0,0.24730439119255987,101.01428549630302,102.88066635131835,0.33846900463270013
2024-08-30 00:00:00-04:00,101.37999725341795,101.77999877929688,101.25,101.6999969482422,0,0.0,0.0,0.3552404019744104,101.1085706438337,102.79066619873046,0.4271375055339913
2024-09-03 00:00:00-04:00,101.66000366210938,101.91999816894533,101.55999755859376,101.83000183105467,0,0.0,0.0,0.12783174701433975,101.15428488595145,102.70799967447917,0.48979006779829826
2024-09-04 00:00:00-04:00,101.69000244140624,101.77999877929688,101.23999786376952,101.36000061035156,0,0.0,0.0,-0.4615547601412029,101.24571337018695,102.60499979654948,0.45360929339758665
2024-09-05 00:00:00-04:00,101.27999877929688,101.37000274658205,100.95999908447266,101.11000061035156,0,0.0,0.0,-0.2466456180885923,101.28285653250558,102.49566650390625,0.42558561986289106
2024-09-06 00:00:00-04:00,101.05999755859376,101.4000015258789,100.58000183105467,101.18000030517578,0,0.0,0.0,0.06923122777338087,101.37285614013672,102.38966649373373,0.28969650574482636
2024-09-09 00:00:00-04:00,101.19000244140624,101.6999969482422,101.13999938964844,101.5500030517578,0,0.0,0.0,0.36568763141533456,101.43857138497489,102.29733327229818,0.2660470821069688
2024-09-10 00:00:00-04:00,101.63999938964844,101.7699966430664,101.54000091552734,101.62999725341795,0,0.0,0.0,0.07877321443248153,101.48000008719308,102.19966659545898,0.2706777792305019
2024-09-11 00:00:00-04:00,101.66000366210938,101.81999969482422,101.2699966430664,101.68000030517578,0,0.0,0.0,0.049201075577265385,101.47714342389789,102.10399983723958,0.26806190381462397
2024-09-12 00:00:00-04:00,101.77999877929688,101.83999633789062,101.2300033569336,101.37000274658205,0,0.0,0.0,-0.3048756467971425,101.41142926897321,102.01299997965495,0.21904517182251587
2024-09-13 00:00:00-04:00,101.1999969482422,101.1999969482422,100.87999725341795,101.11000061035156,0,0.0,0.0,-0.25648824029379513,101.37571498325893,101.90266672770183,0.24737639394075023
2024-09-16 00:00:00-04:00,101.04000091552734,101.0999984741211,100.58999633789062,100.76000213623048,0,0.0,0.0,-0.3461561388668932,101.32571520124164,101.82100016276041,0.33120205723209345
2024-09-17 00:00:00-04:00,100.76000213623048,101.02999877929688,100.56999969482422,100.88999938964844,0,0.0,0.0,0.12901672356278038,101.28428649902344,101.76100006103516,0.36850370695852724
2024-09-18 00:00:00-04:00,100.94000244140624,101.1500015258789,100.22000122070312,100.5999984741211,0,0.0,0.0,-0.2874426774524319,101.14857155936105,101.68199996948242,0.4249480150457142
2024-09-19 00:00:00-04:00,101.01000213623048,101.47000122070312,100.5199966430664,100.61000061035156,0,0.0,0.0,0.00994248149321919,101.0028577532087,101.5956667582194,0.4068466680955452
2024-09-20 00:00:00-04:00,100.69000244140624,101.0199966430664,100.41000366210938,100.72000122070312,0,0.0,0.0,0.10933367427119478,100.86571502685547,101.51266682942709,0.28371762916616816
2024-09-23 00:00:00-04:00,100.73999786376952,101.2300033569336,100.72000122070312,100.91999816894533,0,0.0,0.0,0.19856726153522075,100.80142865862165,101.43866678873698,0.18379588037696512
2024-09-24 00:00:00-04:00,100.97000122070312,101.0500030517578,100.33999633789062,100.37000274658205,0,0.0,0.0,-0.5449816016074083,100.69571467808316,101.34633356730143,0.1894593633988397
2024-09-25 00:00:00-04:00,100.27999877929688,100.98999786376952,100.22000122070312,100.91999816894533,0,0.0,0.0,0.5479679259867476,100.71857125418528,101.29166692097982,0.20731712735865468
2024-09-26 00:00:00-04:00,100.93000030517578,100.97000122070312,100.4800033569336,100.55999755859376,0,0.0,0.0,-0.3567188038875124,100.67142813546319,101.22466684977213,0.1991996668264855
2024-09-27 00:00:00-04:00,100.58999633789062,100.87999725341795,100.16000366210938,100.41999816894533,0,0.0,0.0,-0.13921976237804,100.64571380615236,101.13933334350585,0.2204424671741936
2024-09-30 00:00:00-04:00,100.41999816894533,100.91999816894533,100.18000030517578,100.77999877929688,0,0.0,0.0,0.35849493817545763,100.66999925885884,101.08333333333333,0.22516580082578141
2024-10-01 00:00:00-04:00,100.73999786376952,101.38999938964844,100.6999969482422,101.19000244140624,0,0.0,0.0,0.4068303900332859,100.73714229038785,101.06000010172527,0.30015097147378283
2024-10-02 00:00:00-04:00,101.23999786376952,101.69000244140624,101.16000366210938,101.68000030517578,0,0.0,0.0,0.4842354500913082,100.84571402413505,101.06800003051758,0.46789846623042103
2024-10-03 00:00:00-04:00,101.63999938964844,102.0999984741211,101.62999725341795,101.98999786376952,0,0.0,0.0,0.3048756467971314,101.07714189801898,101.09966659545898,0.5804805636409113
2024-10-04 00:00:00-04:00,101.91000366210938,102.69000244140624,101.80999755859376,102.5199966430664,0,0.0,0.0,0.5196576040768397,101.3057131086077,101.13333307902018,0.7866774205625883
2024-10-07 00:00:00-04:00,102.48999786376952,102.62000274658205,102.37000274658205,102.54000091552734,0,0.0,0.0,0.019512556687439897,101.58857073102679,101.19399973551432,0.8287021832351317
2024-10-08 00:00:00-04:00,102.45999908447266,102.63999938964844,102.29000091552734,102.5500030517578,0,0.0,0.0,0.009754375015758043,101.89285714285714,101.25066655476888,0.7107674939243077
2024-10-09 00:00:00-04:00,102.48999786376952,102.94000244140624,102.45999908447266,102.93000030517578,0,0.0,0.0,0.37054826144296005,102.2000002179827,101.32999979654947,0.606629582767492
2024-10-10 00:00:00-04:00,102.87999725341795,103.18000030517578,102.72000122070312,102.98999786376952,0,0.0,0.0,0.058289671053968206,102.45714242117745,101.39333318074544,0.47419101058969576
2024-10-11 00:00:00-04:00,102.87999725341795,102.98999786376952,102.7699966430664,102.88999938964844,0,0.0,0.0,-0.09709532594937009,102.62999943324498,101.44499994913737,0.34722738646995305
2024-10-14 00:00:00-04:00,102.93000030517578,103.36000061035156,102.93000030517578,103.3000030517578,0,0.0,0.0,0.3984873792803434,102.817143031529,101.49833348592122,0.2936962440819252
2024-10-15 00:00:00-04:00,103.20999908447266,103.3499984741211,103.02999877929688,103.26000213623048,0,0.0,0.0,-0.03872305357752737,102.92285810198102,101.54600016276042,0.30197775313283765
2024-10-16 00:00:00-04:00,103.26000213623048,103.61000061035156,103.16999816894533,103.58999633789062,0,0.0,0.0,0.31957601668919366,103.07285744803292,101.62033335367839,0.33865876488593594
2024-10-17 00:00:00-04:00,103.55999755859376,103.87000274658205,103.44000244140624,103.83000183105467,0,0.0,0.0,0.23168790582943632,103.25571441650389,101.71100006103515,0.3544885411436483
2024-10-18 00:00:00-04:00,103.80999755859376,103.80999755859376,103.45999908447266,103.48999786376952,0,0.0,0.0,-0.3274621605404482,103.33571406773157,101.78799997965494,0.33115258234976663
2024-10-21 00:00:00-04:00,103.45999908447266,104.0199966430664,103.41999816894533,104.01000213623048,0,0.0,0.0,0.502468144936552,103.48142896379743,101.86999994913737,0.37516376110335203
2024-10-22 00:00:00-04:00,103.97000122070312,104.12999725341795,103.81999969482422,104.08000183105467,0,0.0,0.0,0.067300926244096,103.65142931256976,101.95166676839193,0.32931413372617063
2024-10-23 00:00:00-04:00,104.08999633789062,104.56999969482422,104.08999633789062,104.43000030517578,0,0.0,0.0,0.33627831280136355,103.81285749162946,102.0433334350586,0.39810923266706344
2024-10-24 00:00:00-04:00,104.43000030517578,104.45999908447266,104.01000213623048,104.05999755859376,0,0.0,0.0,-0.3543069477168981,103.92714255196708,102.13299992879232,0.3201425230528357
2024-10-25 00:00:00-04:00,104.0500030517578,104.33999633789062,103.94000244140624,104.26000213623048,0,0.0,0.0,0.19220121307814697,104.02285766601562,102.23799997965494,0.3021990685427164
2024-10-28 00:00:00-04:00,104.31999969482422,104.56999969482422,104.12000274658205,104.31999969482422,0,0.0,0.0,0.05754609376982245,104.09285736083984,102.3566665649414,0.306796885426978
2024-10-29 00:00:00-04:00,104.30999755859376,104.63999938964844,104.20999908447266,104.27999877929688,0,0.0,0.0,-0.0383444360087859,104.20571463448661,102.46966654459635,0.15661575124892402
2024-10-30 00:00:00-04:00,104.25,104.44000244140624,103.9800033569336,103.98999786376952,0,0.0,0.0,-0.27809831120263473,104.2028568812779,102.58266652425131,0.1609058405593827
2024-10-31 00:00:00-04:00,104.08999633789062,104.22000122070312,103.81999969482422,103.9800033569336,0,0.0,0.0,-0.009611027061484645,104.18857138497489,102.69499994913737,0.177240862139484
2024-11-01 00:00:00-04:00,103.86000061035156,104.3499984741211,103.68000030517578,104.27999877929688,0,0.0,0.0,0.28851261076947576,104.16714259556362,102.81366653442383,0.1501902310878793
2024-11-04 00:00:00-05:00,103.97000122070312,103.97000122070312,103.58000183105467,103.88999938964844,0,0.0,0.0,-0.3739925145893497,104.14285714285714,102.91266657511393,0.1809891563192556
2024-11-05 00:00:00-05:00,103.91000366210938,103.95999908447266,103.37000274658205,103.41999816894533,0,0.0,0.0,-0.45240275624637283,104.02285657610211,103.0143330891927,0.3174228627484678
2024-11-06 00:00:00-05:00,104.04000091552734,105.44000244140624,104.04000091552734,105.08999633789062,0,0.0,0.0,1.614772963172184,104.13285609654018,103.15333302815755,0.5115886400033026
2024-11-07 00:00:00-05:00,105.16000366210938,105.25,104.19000244140624,104.51000213623048,0,0.0,0.0,-0.5519023902097353,104.16571371895928,103.28499984741211,0.5296804732085479
2024-11-08 00:00:00-05:00,104.4499969482422,105.20999908447266,104.33999633789062,105.0,0,0.0,0.0,0.46885260142928153,104.30999973842077,103.43766657511394,0.6059148415514722
2024-11-11 00:00:00-05:00,104.9499969482422,105.70999908447266,104.93000030517578,105.54000091552734,0,0.0,0.0,0.514286586216528,104.53285653250559,103.59633331298828,0.7370149252756891
2024-11-12 00:00:00-05:00,105.48999786376952,106.18000030517578,105.48999786376952,106.0199966430664,0,0.0,0.0,0.4547998136964715,104.78142765590124,103.75733311971028,0.9105201299122735
2024-11-13 00:00:00-05:00,106.0199966430664,106.54000091552734,105.72000122070312,106.4800033569336,0,0.0,0.0,0.4338867463049123,105.15142822265626,103.91733322143554,1.0088354312706984
2024-11-14 00:00:00-05:00,106.5,107.05999755859376,106.37999725341795,106.66999816894533,0,0.0,0.0,0.1784323873233351,105.61571393694196,104.07333323160807,0.806821917956849
2024-11-15 00:00:00-05:00,106.9000015258789,106.95999908447266,106.33000183105467,106.69000244140624,0,0.0,0.0,0.0187534197096495,105.8442862374442,104.21233342488607,0.8580762752369466
2024-11-18 00:00:00-05:00,106.66999816894533,106.80999755859376,106.12999725341795,106.27999877929688,0,0.0,0.0,-0.38429436004047135,106.0971429007394,104.33700002034506,0.6297810831172063
2024-11-19 00:00:00-05:00,106.26000213623048,106.62999725341795,106.11000061035156,106.20999908447266,0,0.0,0.0,-0.06586346972922152,106.26999991280692,104.45899988810221,0.4040632011478977
2024-11-20 00:00:00-05:00,106.12000274658205,106.91999816894533,106.11000061035156,106.68000030517578,0,0.0,0.0,0.4425206899110412,106.43285696847099,104.58399988810221,0.267440730127819
2024-11-21 00:00:00-05:00,106.58999633789062,107.16000366210938,106.45999908447266,106.97000122070312,0,0.0,0.0,0.2718418772944764,106.56857190813336,104.71666666666667,0.26403527234939667
2024-11-22 00:00:00-05:00,107.05999755859376,108.06999969482422,106.91999816894533,107.48999786376952,0,0.0,0.0,0.4861144593179212,106.71285683768136,104.86999994913737,0.4308406835214552
2024-11-25 00:00:00-05:00,107.25,107.25,106.58000183105467,106.81999969482422,0,0.0,0.0,-0.6233121055546409,106.73428562709263,104.98733317057291,0.43208227278009814
2024-11-26 00:00:00-05:00,107.48999786376952,107.5,106.48999786376952,107.01000213623048,0,0.0,0.0,0.17787159890383375,106.77999986921039,105.11233317057291,0.4433960968206494
2024-11-27 00:00:00-05:00,106.81999969482422,106.91999816894533,105.86000061035156,106.08000183105467,0,0.0,0.0,-0.8690779241288693,106.75142887660435,105.19533335367838,0.48543496719134976
2024-11-29 00:00:00-05:00,105.9499969482422,106.12999725341795,105.62000274658205,105.73999786376952,0,0.0,0.0,-0.32051655487964625,106.68428584507532,105.25899988810221,0.5933200108104079
2024-12-02 00:00:00-05:00,105.81999969482422,106.7300033569336,105.81999969482422,106.4499969482422,0,0.0,0.0,0.671457441664991,106.65142822265625,105.3576665242513,0.5999287970581986
2024-12-03 00:00:00-05:00,106.4800033569336,106.5999984741211,106.08999633789062,106.37000274658205,0,0.0,0.0,-0.07514720897460192,106.56571415492466,105.43633321126302,0.5896002322036429
2024-12-04 00:00:00-05:00,106.43000030517578,106.72000122070312,106.08999633789062,106.33999633789062,0,0.0,0.0,-0.028209464996353795,106.40142822265625,105.51166636149088,0.42690547130659556
2024-12-05 00:00:00-05:00,106.33999633789062,106.37000274658205,105.6999969482422,105.70999908447266,0,0.0,0.0,-0.5924367830671962,106.24285670689174,105.55433298746745,0.45098916933087296
2024-12-06 00:00:00-05:00,105.79000091552734,106.16000366210938,105.41999816894533,105.97000122070312,0,0.0,0.0,0.2459579401024259,106.0942851475307,105.61799977620443,0.3032520497192577
2024-12-09 00:00:00-05:00,105.97000122070312,106.20999908447266,105.8000030517578,106.1500015258789,0,0.0,0.0,0.1698596801946728,106.10428510393415,105.68099975585938,0.30385609031902394
2024-12-10 00:00:00-05:00,106.18000030517578,106.63999938964844,106.04000091552734,106.4000015258789,0,0.0,0.0,0.23551577617175745,106.19857134137837,105.75033315022786,0.27278956743405225
2024-12-11 00:00:00-05:00,106.37000274658205,106.80999755859376,106.2699966430664,106.70999908447266,0,0.0,0.0,0.29135108472564397,106.23571450369698,105.83133316040039,0.32536417741653606
2024-12-12 00:00:00-05:00,106.56999969482422,107.04000091552734,106.3499984741211,106.95999908447266,0,0.0,0.0,0.2342798258315959,106.31999969482422,105.93033320109049,0.4266141807582936
2024-12-13 00:00:00-05:00,106.97000122070312,107.19000244140624,106.72000122070312,107.0,0,0.0,0.0,0.03739801408912946,106.41428593226841,106.03099975585937,0.4986263201118992
2024-12-16 00:00:00-05:00,106.9499969482422,107.16999816894533,106.75,106.86000061035156,0,0.0,0.0,-0.13084055107330794,106.57857186453683,106.11699981689453,0.4093657248601456
2024-12-17 00:00:00-05:00,106.81999969482422,107.08000183105467,106.6999969482422,106.95999908447266,0,0.0,0.0,0.09357895709332098,106.72000013078961,106.21933314005534,0.32675082102590425
2024-12-18 00:00:00-05:00,106.93000030517578,108.2699966430664,106.81999969482422,108.02999877929688,0,0.0,0.0,1.00037369482322,106.98857116699219,106.37299982706706,0.5044604102948342
2024-12-19 00:00:00-05:00,108.10299682617188,108.125,107.8209991455078,108.06500244140624,0,0.0,0.0,0.03240179811616617,107.22642844063895,106.47216669718425,0.5690839599799691
